{"timestamps": [1477282843.146443, 1477282845.1366, 1477282847.12183, 1477282849.105307, 1477282851.099887, 1477282853.091484, 1477282855.094276, 1477282857.090354, 1477282859.084272, 1477282861.07585, 1477282863.077296, 1477282865.099997, 1477282867.108165, 1477282869.107726, 1477282871.110854, 1477282873.112292, 1477282875.105704, 1477282877.098889, 1477282879.09725, 1477282881.113438, 1477282883.11444, 1477282885.115786, 1477282887.116561, 1477282889.116288, 1477282891.120879, 1477282893.119295, 1477282895.131998, 1477282897.136248, 1477282899.139456, 1477282901.145923, 1477282903.150727, 1477282905.153765, 1477282907.151399, 1477282909.156508, 1477282911.15391, 1477282913.164878, 1477282915.171068, 1477282917.173896, 1477282919.180798, 1477282921.196526, 1477282923.198909, 1477282925.202636, 1477282927.206512, 1477282929.212028, 1477282931.222495, 1477282933.231392, 1477282935.244311, 1477282937.255277, 1477282939.264299, 1477282941.267271, 1477282943.269373, 1477282945.277533, 1477282947.281482, 1477282949.279592, 1477282951.29219, 1477282953.319864, 1477282955.432684, 1477282957.444912, 1477282959.452008, 1477282961.471645, 1477282963.480899, 1477282965.500596, 1477282967.515376, 1477282969.555906, 1477282971.584695, 1477282971.769262], "initial_reset_timestamp": 1477282841.602672, "episode_lengths": [199, 199, 199, 199, 199, 199, 199, 199, 199, 199, 199, 199, 199, 199, 199, 199, 199, 199, 199, 199, 199, 199, 199, 199, 199, 199, 199, 199, 199, 199, 199, 199, 199, 199, 199, 199, 199, 199, 199, 199, 199, 199, 199, 199, 199, 199, 199, 199, 199, 199, 199, 199, 199, 199, 199, 199, 199, 199, 199, 199, 199, 199, 199, 199, 199, 18], "episode_rewards": [-1163.1779762773303, -1469.1151544422371, -1200.4718653705538, -1318.9666445852004, -1497.0895337957515, -1244.1181877885783, -1325.4989768715129, -1499.2511041927198, -1640.0772886114321, -807.93749903548905, -1308.7172255681378, -1428.4066430694288, -1115.992036160862, -1165.1937464718828, -1284.7252954330158, -1013.2741945364976, -136.71912096726808, -1390.6647324325036, -780.99619399890173, -1067.5419624843553, -944.7498180599905, -1094.0823948037903, -1500.2521035552909, -1486.0790017349368, -5.8942638135048888, -1061.5118923665727, -1059.6309768634637, -1027.7154700373783, -876.85938622859112, -1121.0951142424071, -973.83956590928415, -939.54165327322642, -1490.8522744041557, -902.69166782234447, -838.41224726167081, -790.08949762394309, -1487.0941055144715, -1505.5602008560254, -8.3937843306293125, -849.35375057807369, -832.65670101676585, -1485.949620014278, -1485.0304744083696, -140.71859099225389, -1314.6994395737011, -551.21549650087502, -882.53586355984726, -703.23627727913333, -999.3859048118984, -1485.6400613266164, -421.09555957539885, -1426.378476220633, -274.02190203725519, -135.32867879150879, -136.26006176375134, -140.42284483965349, -1488.4507547536514, -3.8543774110574867, -131.47119592071539, -460.96863670003893, -407.11139573276949, -1485.9373874981488, -9.2126072760644799, -133.98539415188691, -2.5259763912722248, -1.9229241734544229]}