{"timestamps": [1477279834.357801, 1477279836.776378, 1477279839.185602, 1477279841.695479, 1477279844.224313, 1477279846.650993, 1477279849.07288, 1477279851.581341, 1477279854.032335, 1477279856.506797, 1477279858.925287, 1477279861.451066, 1477279864.30052, 1477279867.31264, 1477279869.898751, 1477279872.709653, 1477279875.327558, 1477279878.119747, 1477279880.791371, 1477279883.757443, 1477279886.510997, 1477279889.241986, 1477279891.880354, 1477279894.347997, 1477279897.285597, 1477279900.625437, 1477279904.255967, 1477279907.036924, 1477279909.759164, 1477279912.147589, 1477279914.497469, 1477279917.094976, 1477279919.44209, 1477279921.814902, 1477279924.429337, 1477279926.893324, 1477279930.369357, 1477279932.761676, 1477279935.147145, 1477279937.524197, 1477279939.92179, 1477279942.71528, 1477279945.271195, 1477279948.98828, 1477279951.83045, 1477279954.794688, 1477279957.648243, 1477279960.643793, 1477279963.480806, 1477279966.271948, 1477279968.962739, 1477279971.732844, 1477279974.422219, 1477279977.236864, 1477279980.095016, 1477279982.927569, 1477279985.598362, 1477279988.353072, 1477279991.146724, 1477279993.815681, 1477279996.577212, 1477279999.227756, 1477280001.986226, 1477280004.711323, 1477280007.447872, 1477280009.962031, 1477280012.887185, 1477280015.679188, 1477280018.436776, 1477280021.211012, 1477280023.914089, 1477280026.649234, 1477280029.312449, 1477280032.097521, 1477280034.767464, 1477280037.537815, 1477280040.203982, 1477280042.957424, 1477280045.65062, 1477280048.38471, 1477280051.10418, 1477280053.810482, 1477280056.542326, 1477280059.306976, 1477280061.818916, 1477280064.270351, 1477280066.770801, 1477280069.202135, 1477280071.680386, 1477280074.116036, 1477280076.627108, 1477280079.054281, 1477280081.553746, 1477280083.991413, 1477280086.513264, 1477280088.980231, 1477280091.529671, 1477280093.992938, 1477280096.542312, 1477280099.137579, 1477280101.870631, 1477280104.296976, 1477280106.794945, 1477280109.231478, 1477280111.736453, 1477280113.26492], "initial_reset_timestamp": 1477279832.55651, "episode_lengths": [200, 200, 200, 200, 200, 200, 200, 200, 200, 200, 200, 200, 200, 200, 200, 200, 200, 200, 200, 200, 200, 200, 200, 200, 200, 200, 200, 200, 200, 200, 200, 200, 200, 200, 200, 200, 200, 200, 200, 200, 200, 200, 200, 200, 200, 200, 200, 200, 200, 200, 200, 200, 200, 200, 200, 200, 200, 200, 200, 200, 200, 200, 200, 200, 200, 200, 200, 200, 200, 200, 200, 200, 200, 200, 200, 200, 200, 200, 200, 200, 200, 200, 200, 200, 200, 200, 200, 200, 200, 200, 200, 200, 200, 200, 200, 200, 200, 200, 200, 200, 200, 200, 200, 200, 200, 125], "episode_rewards": [-1345.2676231682499, -1613.1146270527083, -1476.7972152345299, -1499.0061125446769, -1607.1446403392711, -1493.6114078832409, -1524.2931242484824, -1217.4221589163669, -1369.9217479688652, -1651.1063507001684, -1312.1149586196623, -952.43584275641172, -1650.0773628769819, -1502.3257975645245, -1143.3563018394104, -1653.4965414244343, -873.19789746152617, -808.00347901355383, -850.07864347233703, -1221.8096735603799, -1399.6101885996629, -1514.8351470991888, -1507.1161035620034, -1143.7259191830317, -1040.6658792784187, -1494.3746225553143, -1046.1302410685923, -1022.6527181673686, -969.92012603329863, -807.25324560033516, -1069.3539363104671, -938.1789184147151, -1416.8110764164664, -1499.4400552170689, -965.9439405238503, -1179.7527866908308, -939.85762925460267, -959.76333084700889, -1189.903149053582, -1130.3450647661912, -1349.3005024153085, -1291.326974208991, -1403.5032557301604, -1317.6815650293977, -1551.0993133441873, -1144.4640814042441, -1339.7282640599412, -16.714168721326757, -144.66440754225195, -142.63338131487336, -1432.31906426708, -1397.5231510575491, -1100.2237215255934, -1376.9169126149322, -1493.4083704245281, -1239.0610522680759, -1497.6970205844552, -1497.5511393094891, -469.65721521841249, -458.52173950755588, -142.35825661499112, -1056.2510803710875, -16.429104083391184, -276.67138652059418, -286.74837164358831, -565.58550816049171, -139.00395557233139, -144.85563203419255, -15.424695808899335, -1529.4845116630938, -1628.5134008150471, -311.9630243031786, -1454.2690621581064, -1418.3550207652133, -1434.4956575802687, -954.51926589380696, -152.26405956952138, -150.16044815388344, -22.878940871898902, -372.63204535325434, -1486.5499058423275, -1501.9329758835831, -1402.5008926197154, -264.71565403122412, -1412.7476010172566, -143.87878734684023, -1350.0338656462661, -1251.0903475174059, -267.82779689481424, -1227.2865592352512, -1115.7783464107531, -25.712543123345998, -541.76344365734087, -151.3398230898427, -150.20848390258445, -1491.627398199988, -1491.6814038873117, -150.50000372689442, -263.68683500100434, -136.17394662433739, -147.23493217229935, -245.65009240040038, -18.859670245018371, -258.45767693672155, -18.544595521933093, -250.28342279621208]}